ClaimId,id_labeled,amt_labeled
1,1,301.54
1,2,105
2,3,62.95
2,4,577.82
3,5,42.72
3,6,64
3,7,16.2
3,8,19
3,9,34
4,10,455.23
5,11,108.92
6,12,1105.94
6,13,1136.41
7,14,60
8,15,49.09
8,16,41.45
9,17,68.49
9,18,74
10,19,68
11,20,432.35
11,21,698.5
11,22,196
12,23,185.44
12,24,39.3
12,25,59
13,26,95.28
13,27,69
13,28,57
14,29,60.25
14,30,56
15,31,177.1
15,32,60
16,33,30
16,34,58
17,35,503.32
17,36,124
17,37,86.82
18,38,147.87
18,39,39.36
18,40,90.85
19,41,3329.21
19,42,328.66
20,43,62.3
21,44,135.87
21,45,315.74
21,46,315.74
21,47,288.02
22,48,143.76
23,49,847.14
23,50,248.5
24,51,215.07
24,52,215.07
24,53,15
24,54,55.75
25,55,100
25,56,115
26,57,334.3
26,58,73.5
26,59,59
27,60,58
27,61,37.5
27,62,245.15
28,63,544.15
28,64,58.75
29,65,1531.37
29,66,41.4
30,67,31
30,68,76.9
31,69,459.4
31,70,53.1
32,71,55
33,72,14.6
33,73,70.07
34,74,78.1
34,75,86
35,76,162.84
36,77,37.38
36,78,30
36,79,26.68
37,80,57.9
38,81,47
38,82,42
39,83,836.5
39,84,42
39,85,22
40,86,115
40,87,42
41,88,368.5
42,89,926
43,90,50.85
43,91,16.39
43,92,66
44,93,1117.8
44,94,101.97
45,95,135
46,96,2565.05
46,97,110
47,98,162.05
48,99,152
49,100,66.43
50,101,512.78
50,102,81
51,103,598
52,104,86.5
52,105,233.95
53,106,1280
53,107,27
53,108,550
54,109,22.74
54,110,43.55
54,111,43.55
54,112,62.35
54,113,255.55
54,114,22.02
55,115,59.34
55,116,79.85
56,117,195
56,118,142.85
56,119,26
56,120,163
57,121,62
57,122,43
58,123,55.41
58,124,59.79
58,125,58
58,126,548.14
59,127,85.36
59,128,52.5
60,129,31.48
61,130,165.99
62,131,179
62,132,132.52
62,133,59
63,134,163.54
63,135,70
64,136,136.9
65,137,152.36
65,138,75
66,139,55
66,140,60
66,141,150.1
67,142,50.53
67,143,75
68,144,208.14
68,145,60
69,146,405.38
69,147,192.15
70,148,52
70,149,52
70,150,91.5
71,151,175
72,152,123.07
72,153,59.22
72,154,45.58
73,155,25.68
73,156,17.12
73,157,2.64
74,158,230.37
74,159,21.37
74,160,10
75,161,504.45
75,162,4
75,163,10
75,164,119.02
76,165,226.5
76,166,59
76,167,92.5
76,168,54
77,169,23.75
77,170,35.74
77,171,14.6
78,172,3349.31
78,173,92.15
79,174,1243.78
79,175,179
80,176,170.09
80,177,59
81,178,36.52
81,179,29.5
81,180,38.89
81,181,78.1
82,182,189
82,183,90
83,184,25.9
83,185,4.17
83,186,75
83,187,52.5
83,188,36.99
83,189,133.11
84,190,220.83
84,191,62.5
84,192,15.5
85,193,68
85,194,48
86,195,1235.79
86,196,130
86,197,254.03
86,198,35.64
87,199,17.99
88,200,1175.38
88,201,1175.38
88,202,237.93
88,203,237.93
88,204,400.16
89,205,115.62
90,206,68.1
90,207,36.02
91,208,60
92,209,138.74
92,210,35.45
92,211,39.95
93,212,119.35
93,213,50.95
93,214,170.3
94,215,151.33
94,216,267.88
94,217,57.5
94,218,65
95,219,20.07
96,220,70.56
97,221,127.91
97,222,50
97,223,477.4
97,224,18
97,225,24.5
97,226,581.17
98,227,253.53
98,228,95
99,229,385.74
99,230,39.99
99,231,0
100,232,99
101,233,4764.44
101,234,125
102,235,85.5
103,236,460
103,237,181.34
103,238,95
104,239,89.99
104,240,81.75
104,241,28.75
105,242,110.09
105,243,85.41
106,244,63
106,245,36
107,246,448.74
107,247,58.27
108,248,108.35
108,249,68.5
108,250,128.5
108,251,26
109,252,27.83
109,253,80.5
110,254,4499.8
111,255,228.55
112,256,107.33
112,257,18.74
112,258,110
113,259,53
113,260,90
113,261,8
114,262,329.25
114,263,55
115,264,162.87
115,265,139
116,266,25.5
116,267,50
116,268,49
116,269,80
117,270,32
117,271,68
117,272,22
118,273,713.02
118,274,75
118,275,168.5
119,276,68
120,277,494.25
121,278,385
121,279,70
122,280,330.98
122,281,37.99
123,282,56
124,283,239.82
124,284,355.75
125,285,76.9
126,286,43.5
126,287,93.71
126,288,53.1
127,289,587.48
127,290,62.95
127,291,54
128,292,34.8
128,293,90
129,294,404.25
129,295,404.25
130,296,156.55
130,297,59
130,298,134.48
131,299,161.5
131,300,100
131,301,38.52
131,302,588
131,303,0
132,304,540.45
133,305,111.72
133,306,39.74
134,307,43.35
135,308,69.55
135,309,75
135,310,3
136,311,623.7
137,312,205.7
138,313,797.61
138,314,85.7
139,315,59
140,316,68
140,317,8
141,318,145
141,319,25
142,320,71.5
142,321,67
143,322,538.05
143,323,101.64
143,324,185.61
144,325,27.31
145,326,526.97
146,327,38.58
146,328,19.72
147,329,108.55
147,330,62.55
147,331,65.34
147,332,67.5
147,333,49.5
148,334,48.6
149,335,17.68
149,336,35
150,337,57
151,338,667.64
151,339,90.85
152,340,173.18
152,341,173.18
152,342,14.23
152,343,18.5
153,344,99.75
153,345,23.34
154,346,19.88
155,347,17.48
155,348,14.77
155,349,41.93
156,350,103.66
156,351,79
156,352,51.85
156,353,5.46
157,354,325
157,355,91
158,356,110.7
158,357,82
159,358,41.4
159,359,20.2
160,360,117.5
160,361,167.5
161,362,19.33
161,363,128
161,364,70
162,365,730.69
162,366,27.95
163,367,56.2
163,368,256.99
163,369,487.37
163,370,57
164,371,44
165,372,62.4
165,373,53
165,374,16
165,375,78.99
166,376,314.55
166,377,60
167,378,165.51
167,379,67
168,380,32.7
168,381,76
169,382,13290.42
170,383,717.05
170,384,225
170,385,19.08
171,386,270.99
172,387,61.17
173,388,150
174,389,728.11
175,390,30.25
176,391,189.76
176,392,36
176,393,12.46
177,394,34
177,395,34.8
178,396,135.9
178,397,92.5
178,398,11.56
178,399,15.75
179,400,214.48
180,401,168.79
180,402,45.9
181,403,7200.3
182,404,1911.71
182,405,259.5
183,406,219.45
184,407,214.4
185,408,29.65
185,409,433.6
185,410,85.05
185,411,50.5
186,412,252.18
186,413,30.6
187,414,176.12
187,415,14.4
187,416,62
187,417,45
187,418,45
188,419,35.5
188,420,39
188,421,48.19
189,422,211.62
189,423,52.45
189,424,73.5
190,425,0
191,426,124
192,427,29.92
193,428,70
194,429,89.67
195,430,599.64
195,431,95
196,432,142.02
196,433,125
197,434,167
197,435,142.85
197,436,55
197,437,23.7
197,438,50
198,439,658.21
198,440,55
199,441,25.4
199,442,70
199,443,13.75
200,444,15.44
200,445,105
200,446,14.94
200,447,45.69
201,448,41.38
202,449,68.75
202,450,82.9
202,451,70
203,452,152.85
203,453,75.38
204,454,325
204,455,115
205,456,102.45
205,457,32.65
205,458,307.53
205,459,255
205,460,96.83
205,461,166.47
205,462,60.21
206,463,218.75
206,464,12.51
206,465,75
207,466,66
207,467,18.2
208,468,77.5
208,469,75
208,470,55
208,471,40
209,472,5.25
209,473,231.5
209,474,56
209,475,113
209,476,12
210,477,398.48
210,478,35
211,479,230
211,480,41.04
211,481,44
211,482,44
211,483,75
212,484,0
212,485,15.99
213,486,46.31
214,487,96.56
214,488,8.55
215,489,58.51
215,490,18
216,491,18
217,492,9.6
217,493,1
218,494,45
218,495,0
219,496,35
219,497,46
219,498,73
219,499,7
220,500,191.5
221,501,45
222,502,45
223,503,141.17
223,504,66
224,505,169.22
225,506,28
226,507,596.7
226,508,596.7
226,509,74.65
227,510,81
227,511,25
227,512,147.49
228,513,31.9
228,514,168
229,515,52.1
229,516,16.2
230,517,45.55
230,518,167
231,519,384.81
231,520,125
232,521,39
232,522,15
232,523,240
232,524,60
233,525,724.9
233,526,173.1
234,527,2292.23
234,528,110
235,529,70
235,530,6
235,531,52
236,532,523.77
236,533,125
237,534,66.93
238,535,162.9
239,536,102
239,537,52
239,538,46
240,539,130.12
240,540,90.85
241,541,1094.25
242,542,313.06
242,543,90.85
243,544,1252.45
243,545,1002.18
243,546,210
244,547,125.72
245,548,197.16
245,549,16.64
245,550,200
246,551,120.54
247,552,964.95
247,553,52
247,554,35
247,555,145
248,556,6920.5
248,557,340
249,558,90.54
249,559,167
250,560,34.97
251,561,126.15
252,562,212.4
253,563,845.48
253,564,167
254,565,157.82
254,566,34.68
255,567,126.15
256,568,46.8
256,569,12.6
257,570,71.02
258,571,123.75
259,572,8.74
259,573,64
260,574,1026.5
261,575,10
262,576,2105.76
262,577,185
263,578,155.98
263,579,139.5
264,580,2690.15
264,581,94
265,582,50.52
266,583,17.03
267,584,21.6
267,585,17.61
268,586,59.38
268,587,94
269,588,358
270,589,78.75
270,590,62
271,591,32.2
272,592,149.9
272,593,139
273,594,244.45
273,595,120
274,596,441.86
275,597,105
276,598,75
277,599,317.3
277,600,139.5
278,601,137
279,602,45.34
280,603,1066.07
280,604,52.08
280,605,92
281,606,998.18
281,607,168
282,608,298.25
283,609,881.95
283,610,85.5
284,611,281.23
284,612,98
285,613,69.1
285,614,64
286,615,509.12
286,616,110
287,617,65
288,618,94
289,619,52.5
290,620,329.11
290,621,34.49
290,622,11.8
290,623,27.09
290,624,56.48
291,625,4.3
291,626,30.32
291,627,52.13
291,628,10.79
291,629,19.69
291,630,235.42
292,631,174
292,632,504.89
293,633,55.7
294,634,48.4
294,635,32.62
295,636,108
296,637,110.95
296,638,48
296,639,295
296,640,6
297,641,139.5
298,642,390.45
299,643,68.8
300,644,220.82
300,645,25
301,646,95
301,647,86
302,648,14
302,649,12.24
303,650,179.95
304,651,47.3
305,652,59.36
306,653,63.12
306,654,87.5
307,655,44.99
308,656,173.8
308,657,31.42
309,658,3285.93
309,659,79
310,660,308.05
311,661,128.69
312,662,68.1
313,663,99.46
313,664,69
314,665,75.9
315,666,253
315,667,65
316,668,20.24
316,669,86
317,670,52
318,671,220.9
319,672,61.25
319,673,94.82
319,674,22.75
320,675,110
321,676,46.88
321,677,92.76
322,678,92.76
322,679,46.88
323,680,60.76
323,681,104.88
324,682,175.5
324,683,65
325,684,990.75
325,685,14.75
325,686,74
325,687,47.75
325,688,42.4
326,689,54
326,690,52
327,691,88
328,692,58.06
328,693,72
329,694,0
330,695,15.38
331,696,122.59
331,697,47.01
332,698,775
332,699,370
333,700,67.9
333,701,49
334,702,175.85
334,703,56.99
335,704,175.65
335,705,50
336,706,59.5
337,707,57.5
338,708,54
338,709,120
339,710,230.6
339,711,95
340,712,4277.95
340,713,90.8
341,714,104.72
341,715,56
342,716,435.74
343,717,28.75
344,718,274.3
344,719,87.5
345,720,38.2
345,721,37.05
346,722,1084.1
346,723,30
347,724,109.98
348,725,30.3
348,726,36
348,727,18
348,728,602.99
349,729,131.6
350,730,64.9
350,731,76
350,732,42.2
350,733,213.4
351,734,255.59
352,735,321.76
352,736,70
353,737,243.2
353,738,16.8
353,739,36
353,740,18
353,741,373.29
354,742,64
354,743,623.29
355,744,46
355,745,18
355,746,623.29
356,747,60.99
356,748,46
356,749,44
356,750,536.3
357,751,261.84
358,752,279
358,753,65
359,754,258
359,755,65
360,756,77.91
361,757,252
361,758,65
362,759,94
362,760,75
362,761,130
362,762,230
363,763,241.5
363,764,127.49
363,765,87.99
364,766,58.48
365,767,657.31
366,768,600.02
366,769,66
366,770,33
367,771,811.25
367,772,140
368,773,41.4
369,774,699.02
370,775,47.78
370,776,53.62
371,777,45.76
372,778,1544.55
373,779,132.88
373,780,14.68
374,781,381.42
375,782,89.6
375,783,75.5
375,784,93.3
375,785,21.6
376,786,212.6
377,787,315.21
377,788,34.08
377,789,35.18
378,790,7.09
378,791,142.61
379,792,455
379,793,92.5
380,794,4495.58
381,795,23
382,796,2360.99
382,797,49.5
382,798,73
383,799,203.43
384,800,115.58
384,801,26.1
384,802,3.49
384,803,3.25
385,804,2413.61
385,805,49.5
385,806,13.59
385,807,16.3
386,808,49.75
386,809,42
387,810,59
388,811,48
388,812,18.79
389,813,48
390,814,138.75
391,815,1305.85
391,816,69.38
391,817,1084.24
392,818,62.1
393,819,67.7
394,820,55.4
395,821,120.26
396,822,158.94
397,823,50.56
397,824,30.55
398,825,293.5
399,826,62.2
399,827,7.45
399,828,14.85
399,829,171.84
400,830,49.02
401,831,46.08
401,832,55.8
402,833,79.06
402,834,75
403,835,486.3
403,836,26.88
404,837,145.2
405,838,95.61
405,839,72
406,840,239.75
406,841,96.13
406,842,53.5
406,843,50.65
407,844,144.84
408,845,147.53
408,846,57.37
408,847,42.31
409,848,40.2
409,849,60
410,850,56.37
411,851,78.9
411,852,75.06
411,853,47.5
412,854,74
413,855,55.67
413,856,41.31
413,857,49.5
413,858,48.02
414,859,53.2
414,860,61
415,861,168.25
415,862,9.65
415,863,60
416,864,217.48
416,865,99.5
417,866,37.7
418,867,214.5
419,868,665.13
419,869,35.99
419,870,23
419,871,23
420,872,131.05
421,873,69.55
421,874,50.25
422,875,49.18
422,876,25
423,877,50.05
424,878,18.5
424,879,89.43
424,880,131.68
424,881,40.78
425,882,549.06
425,883,89.16
426,884,119.45
427,885,380.75
428,886,40.78
428,887,239.61
429,888,3228.71
429,889,103
430,890,93.48
431,891,338
431,892,70
431,893,9
431,894,15.68
432,895,63
432,896,64
432,897,40.54
433,898,49.9
434,899,104.98
435,900,10.6
436,901,144.13
436,902,61
437,903,662.8
437,904,95.4
438,905,142.1
438,906,67.95
438,907,50
438,908,29
439,909,802.89
439,910,210
440,911,267.5
441,912,214.46
441,913,14.76
442,914,128.29
442,915,38.23
443,916,191.52
444,917,498
445,918,197.67
445,919,90.8
446,920,32.62
447,921,58.5
448,922,30.38
449,923,191.83
450,924,216.26
450,925,91
451,926,277.99
451,927,90.85
452,928,63
452,929,70
452,930,438.91
453,931,75.46
454,932,233.91
454,933,70
454,934,268
455,935,31.89
455,936,28.84
456,937,31.89
457,938,37.99
458,939,51.34
459,940,68.18
459,941,13.62
460,942,35.5
460,943,139.5
461,944,103.99
461,945,72
461,946,7
462,947,2127.34
462,948,41.1
463,949,271.4
464,950,825.45
464,951,29.6
464,952,92
465,953,297.5
466,954,177.9
466,955,54.5
467,956,114.75
467,957,131.24
467,958,30.41
468,959,114.53
468,960,49.5
468,961,250
469,962,179
470,963,12.36
471,964,290
472,965,290
473,966,115.04
474,967,205
475,968,550
476,969,48.83
476,970,317
477,971,29.98
478,972,69.7
478,973,95
479,974,38.4
480,975,54.25
480,976,29.5
481,977,58.31
481,978,71
482,979,38.4
482,980,59.18
483,981,89.5
483,982,75
483,983,61.29
483,984,54.86
484,985,39.99
485,986,76.44
485,987,90.8
485,988,22.33
486,989,38
486,990,33
487,991,91.5
488,992,187.5
489,993,211.7
490,994,187.9
491,995,62.65
491,996,76.5
491,997,65
492,998,74.5
492,999,27.9
493,1000,51.27
493,1001,74.74
494,1002,86.4
495,1003,69.5
496,1004,596
496,1005,90
497,1006,101.19
497,1007,8.58
498,1008,1748.29
498,1009,17.4
499,1010,74.75
500,1011,50
500,1012,56
501,1013,281
502,1014,355.42
502,1015,95
503,1016,55
504,1017,37.69
505,1018,153.5
505,1019,75
505,1020,58.5
506,1021,350.38
506,1022,49
506,1023,85
506,1024,35
507,1025,98.04
508,1026,262
508,1027,85.75
509,1028,217.84
509,1029,100
509,1030,15
510,1031,360
511,1032,31.25
511,1033,81.5
512,1034,50.71
513,1035,268.75
513,1036,42
514,1037,30.16
514,1038,34.47
514,1039,17.27
514,1040,258.9
515,1041,59
516,1042,937.47
516,1043,55
517,1044,106
518,1045,451.65
518,1046,72
518,1047,520
519,1048,37.5
520,1049,55
521,1050,178.23
521,1051,20.14
522,1052,387.04
522,1053,133.65
523,1054,244
523,1055,29
524,1056,21.35
525,1057,810.2
526,1058,298.84
527,1059,54.4
527,1060,45.5
528,1061,202.3
528,1062,150
529,1063,52.17
530,1064,34.21
531,1065,46.08
531,1066,60
531,1067,2428.54
532,1068,65
533,1069,108.6
533,1070,67.1
534,1071,540.89
534,1072,70
535,1073,42.56
536,1074,42.5
537,1075,571.38
538,1076,24.03
538,1077,40.55
538,1078,22.53
538,1079,135.36
539,1080,149.97
539,1081,47.57
540,1082,179.9
540,1083,69.01
541,1084,1169.62
541,1085,57
541,1086,63
541,1087,31.8
542,1088,636.43
542,1089,62
543,1090,70
544,1091,218.56
544,1092,97
545,1093,99
546,1094,415.75
546,1095,60
546,1096,72
546,1097,13.15
547,1098,364.39
548,1099,263
549,1100,545
549,1101,59
549,1102,92.5
550,1103,83
551,1104,56
552,1105,232.5
552,1106,2.59
553,1107,138.4
553,1108,26.8
553,1109,62
553,1110,285.2
554,1111,774.63
554,1112,51.3
555,1113,182
555,1114,194
555,1115,55.8
555,1116,23.4
556,1117,525.58
556,1118,21
557,1119,374.17
557,1120,87.5
558,1121,465.07
558,1122,110
559,1123,55.98
560,1124,13.2
561,1125,124.25
561,1126,25
561,1127,58
562,1128,195.2
562,1129,169.5
563,1130,29
563,1131,222
563,1132,49
564,1133,52
564,1134,90
565,1135,55.44
565,1136,94.9
566,1137,14.5
567,1138,341.72
568,1139,259.98
569,1140,57.76
569,1141,30.48
570,1142,28.8
571,1143,83.12
572,1144,50.47
572,1145,94.9
572,1146,84.96
573,1147,190.98
574,1148,55
574,1149,90
575,1150,110.99
576,1151,112.9
576,1152,110.64
576,1153,59
577,1154,19.84
578,1155,73
579,1156,39.4
580,1157,66
581,1158,124.69
582,1159,211.05
583,1160,101.68
583,1161,39
583,1162,36.76
584,1163,10.66
584,1164,15.98
585,1165,60.54
585,1166,141.2
586,1167,21.32
587,1168,179.25
588,1169,45.42
589,1170,16.91
589,1171,56
590,1172,153.36
590,1173,0
590,1174,16.2
590,1175,0
591,1176,97
592,1177,45.22
592,1178,98
592,1179,30
593,1180,118.16
593,1181,24.5
594,1182,82.65
594,1183,76.5
595,1184,19.05
595,1185,25.87
596,1186,183.24
596,1187,143.6
596,1188,58
597,1189,534.36
598,1190,58.5
598,1191,78
598,1192,135.98
599,1193,68.5
599,1194,45
600,1195,26.8
601,1196,246.72
601,1197,69
602,1198,123.89
603,1199,377.6
603,1200,39.9
604,1201,85
604,1202,99.31
604,1203,26.1
604,1204,522.9
605,1205,229.01
606,1206,76.86
606,1207,25
607,1208,325.95
607,1209,110
608,1210,546.26
608,1211,55
609,1212,64.72
609,1213,55
610,1214,33.84
610,1215,47.32
610,1216,82
611,1217,493.2
611,1218,165
612,1219,44.92
613,1220,540
614,1221,25.98
614,1222,225.7
615,1223,319.8
615,1224,12.9
615,1225,85
615,1226,58.9
615,1227,26.1
615,1228,20.2
615,1229,294.31
616,1230,591.5
616,1231,68.5
617,1232,47.04
618,1233,633.4
618,1234,63
618,1235,63.88
619,1236,627.85
619,1237,82.5
620,1238,903.01
620,1239,173.5
620,1240,27.55
621,1241,28.05
621,1242,62.72
621,1243,9.08
622,1244,47.04
623,1245,72.53
624,1246,28.1
624,1247,58.6
625,1248,46.11
626,1249,103.8
627,1250,73
627,1251,225.5
628,1252,344.65
628,1253,60
629,1254,135
630,1255,304.5
630,1256,125
631,1257,143.21
631,1258,83
632,1259,13.72
632,1260,33.32
633,1261,25
634,1262,34.35
634,1263,69
634,1264,48
634,1265,494.95
635,1266,40.1
636,1267,952.55
636,1268,49
636,1269,69
637,1270,246
637,1271,39
638,1272,63.95
638,1273,59
638,1274,22
639,1275,36.63
639,1276,30
640,1277,169.34
640,1278,52.42
641,1279,98.61
642,1280,70.38
642,1281,40
642,1282,27.5
643,1283,131.26
643,1284,48.76
643,1285,67.1
644,1286,240.4
644,1287,29.7
644,1288,29.7
645,1289,376.95
645,1290,70
646,1291,12.75
647,1292,80.4
648,1293,52.84
649,1294,17.5
649,1295,54.5
650,1296,210
651,1297,80.91
652,1298,29.5
652,1299,54.25
653,1300,88.35
654,1301,109
654,1302,98.5
654,1303,99.43
655,1304,88.35
656,1305,148
656,1306,29.62
657,1307,26.94
658,1308,80.33
659,1309,436.43
659,1310,67.1
659,1311,35.16
660,1312,36.64
660,1313,69.8
661,1314,90.58
661,1315,90
661,1316,90
662,1317,18
663,1318,27.3
663,1319,58.27
664,1320,807.23
664,1321,145
665,1322,62
666,1323,143.21
666,1324,90
667,1325,689.75
667,1326,98
668,1327,53.6
668,1328,41.72
669,1329,32.3
670,1330,20.92
671,1331,201.94
671,1332,82
672,1333,50.55
672,1334,450
672,1335,76
673,1336,602.88
674,1337,76.5
674,1338,52.3
674,1339,15
674,1340,10
675,1341,44
676,1342,16
677,1343,1854.62
678,1344,64.8
678,1345,104.24
679,1346,100.2
679,1347,50
680,1348,735.23
681,1349,138.75
682,1350,29.06
683,1351,30.29
684,1352,57
684,1353,175
684,1354,240
684,1355,26
685,1356,1478.28
686,1357,262.78
686,1358,55
686,1359,133.09
687,1360,3025
687,1361,240
688,1362,102.35
689,1363,70.54
689,1364,66
690,1365,191.71
691,1366,260.23
691,1367,42
692,1368,1688.12
693,1369,743.24
693,1370,433.43
694,1371,65.4
694,1372,264
694,1373,80.5
695,1374,25.5
696,1375,38.99
696,1376,306.5
697,1377,148.86
698,1378,252.89
698,1379,5.39
698,1380,38.4
699,1381,327.5
700,1382,90.85
700,1383,58.8
700,1384,12.58
701,1385,50.7
701,1386,54
701,1387,52
701,1388,20.83
701,1389,89.5
701,1390,46.7
702,1391,396.24
703,1392,602.09
703,1393,76.1
704,1394,63.8
705,1395,390.2
705,1396,75
706,1397,47.37
707,1398,257
707,1399,78.38
707,1400,90.85
708,1401,28
709,1402,29.98
710,1403,55
711,1404,55
711,1405,171.7
711,1406,35
712,1407,56
713,1408,65.21
713,1409,49
714,1410,260.5
714,1411,60
715,1412,28
716,1413,307.12
716,1414,3.58
717,1415,431.7
717,1416,45.1
717,1417,49
718,1418,88.83
719,1419,157.8
720,1420,28
721,1421,37
722,1422,58
723,1423,251
723,1424,82
723,1425,12.54
723,1426,20.1
724,1427,949.01
724,1428,38
725,1429,3702.98
725,1430,82
726,1431,474.91
726,1432,59.75
727,1433,311.87
727,1434,83.76
727,1435,66
728,1436,21.75
728,1437,83.5
728,1438,67.46
729,1439,58.35
729,1440,98
729,1441,130
730,1442,511.5
730,1443,21.42
731,1444,115.62
732,1445,86.99
732,1446,72
733,1447,324
733,1448,85.7
733,1449,16.66
733,1450,8.07
734,1451,49.68
735,1452,252.7
735,1453,534.66
736,1454,719.97
736,1455,57.99
736,1456,40
737,1457,449.04
738,1458,239.8
739,1459,107.11
739,1460,58.85
739,1461,8.92
740,1462,478.66
740,1463,3.5
740,1464,35
741,1465,169.56
741,1466,86
742,1467,93.7
742,1468,13.62
743,1469,59.84
743,1470,99.5
743,1471,149.6
744,1472,303.1
744,1473,55.1
744,1474,97.55
745,1475,60
746,1476,313
747,1477,67
747,1478,141
748,1479,30.5
748,1480,47.4
749,1481,167.34
749,1482,9.92
750,1483,51.05
750,1484,85
750,1485,26.1
750,1486,15
751,1487,64.2
752,1488,41.8
753,1489,109.38
753,1490,55.15
754,1491,33.75
755,1492,114.38
755,1493,70
756,1494,3301.11
756,1495,61.73
756,1496,48.34
757,1497,55.89
757,1498,77.18
758,1499,1069.95
758,1500,139.5
759,1501,66
759,1502,90.85
759,1503,17.03
760,1504,128.06
761,1505,739.2
761,1506,94.9
761,1507,94.9
762,1508,42.5
763,1509,240.25
764,1510,36.39
764,1511,56.24
765,1512,71.88
766,1513,302.52
766,1514,56.34
766,1515,26.35
767,1516,113.95
767,1517,125
768,1518,80.65
768,1519,62.45
769,1520,44.75
770,1521,62.45
770,1522,80.65
771,1523,202.88
771,1524,90.41
772,1525,70.26
772,1526,60
773,1527,158.2
774,1528,234.42
775,1529,40.1
775,1530,119.5
776,1531,66
776,1532,291
776,1533,35
777,1534,445.07
777,1535,30.87
778,1536,27.47
778,1537,3.79
779,1538,71.02
779,1539,90
780,1540,56.6
780,1541,3.79
781,1542,57.9
782,1543,75.31
782,1544,78
783,1545,30.32
783,1546,63
783,1547,15
783,1548,12
784,1549,89.96
785,1550,382.3
785,1551,3.68
785,1552,55.75
786,1553,54.52
786,1554,74.18
787,1555,53.56
788,1556,126
788,1557,57.95
788,1558,80.85
788,1559,39.4
789,1560,19.81
789,1561,2.46
789,1562,5.19
790,1563,218
790,1564,81.93
790,1565,37
791,1566,81.6
791,1567,90.85
792,1568,34
792,1569,52
793,1570,129
793,1571,255
793,1572,234
793,1573,25
793,1574,280
794,1575,50.77
795,1576,469.79
795,1577,47.88
795,1578,49
796,1579,270
796,1580,62
796,1581,171.51
797,1582,325.17
797,1583,84
798,1584,182.62
798,1585,78
799,1586,147.5
799,1587,69
799,1588,18
800,1589,398.95
800,1590,141.13
801,1591,41.9
802,1592,79.99
802,1593,53.55
803,1594,237.43
803,1595,52
804,1596,106
805,1597,188
805,1598,75
806,1599,99.64
807,1600,338.8
807,1601,50
807,1602,63.3
808,1603,27
809,1604,74.1
810,1605,52.5
810,1606,176.98
810,1607,102.4
811,1608,501.67
811,1609,242.22
811,1610,47.78
811,1611,72.88
812,1612,942.5
813,1613,65.84
814,1614,392.25
815,1615,364.77
816,1616,113.4
817,1617,23.99
817,1618,254.02
817,1619,85.7
817,1620,21.2
817,1621,25.5
818,1622,238.3
818,1623,596.52
818,1624,90.85
818,1625,67
818,1626,153.53
818,1627,18.48
819,1628,47.86
819,1629,65.72
820,1630,76
820,1631,74.11
820,1632,9.72
821,1633,0
822,1634,255.64
822,1635,200
823,1636,69.95
824,1637,51.02
825,1638,77.63
825,1639,104.16
826,1640,77.63
827,1641,63.6
827,1642,146.66
828,1643,36.48
829,1644,1104.55
829,1645,92.5
830,1646,69.42
830,1647,79.7
831,1648,583.66
831,1649,165
832,1650,885.56
833,1651,110.68
833,1652,37.62
833,1653,49.5
833,1654,14.95
834,1655,76.68
835,1656,10
835,1657,30
835,1658,66.95
836,1659,136.2
837,1660,100
838,1661,182.35
838,1662,127.98
838,1663,681.97
838,1664,10.84
839,1665,67.65
839,1666,70
840,1667,115
841,1668,30
841,1669,68
842,1670,65
843,1671,106.51
843,1672,98.65
843,1673,63.66
843,1674,18.51
844,1675,755
845,1676,127.58
845,1677,85
846,1678,177.69
846,1679,75.26
847,1680,47.88
847,1681,65.72
848,1682,625
848,1683,29.75
849,1684,217.88
849,1685,63
850,1686,64
851,1687,47.95
852,1688,29.38
852,1689,59
853,1690,126
854,1691,77
854,1692,45.9
854,1693,208.87
855,1694,264.89
855,1695,90.85
855,1696,126
855,1697,112.51
856,1698,96.57
857,1699,68
857,1700,61.5
857,1701,846.36
857,1702,8.25
858,1703,37.5
859,1704,42.62
859,1705,197.56
859,1706,98.1
860,1707,746.34
861,1708,88.25
862,1709,16
863,1710,219.13
864,1711,32.5
864,1712,44.75
865,1713,119.84
866,1714,700
867,1715,120
868,1716,572.63
868,1717,7.68
869,1718,39.71
870,1719,643.79
871,1720,1049.1
871,1721,277.73
871,1722,52
872,1723,153.27
873,1724,183.19
873,1725,24.18
873,1726,65
874,1727,72.1
875,1728,3408.18
875,1729,139
876,1730,113.23
876,1731,42.79
877,1732,202.79
877,1733,61.04
878,1734,295.5
878,1735,40.25
879,1736,153.64
879,1737,66.89
879,1738,4.23
880,1739,51.5
880,1740,2.24
881,1741,4059.53
881,1742,95
882,1743,386.88
882,1744,550
883,1745,94.89
883,1746,62
884,1747,94.2
885,1748,181.65
886,1749,284.4
887,1750,789.36
888,1751,1123.94
888,1752,39.99
888,1753,59
889,1754,52.91
890,1755,29.86
891,1756,301.48
892,1757,203.95
892,1758,90.85
893,1759,309.03
893,1760,62.9
894,1761,641.34
894,1762,46.05
894,1763,98.45
895,1764,49.78
895,1765,92.5
895,1766,90.25
895,1767,26.85
896,1768,556.77
896,1769,80.5
897,1770,235.65
897,1771,68
897,1772,60
898,1773,45.77
899,1774,292.5
899,1775,55
900,1776,711.45
901,1777,185
902,1778,54.95
902,1779,60.25
903,1780,575
903,1781,31.18
904,1782,233.1
905,1783,90.85
905,1784,32.01
906,1785,246.25
906,1786,43
907,1787,328.9
907,1788,54
907,1789,144.5
908,1790,405.66
908,1791,79
909,1792,539.8
909,1793,47.41
909,1794,70.68
910,1795,79.45
911,1796,50.49
912,1797,35
913,1798,36.5
913,1799,66
913,1800,52
913,1801,46.75
914,1802,111.25
915,1803,160.87
915,1804,66.93
916,1805,629
916,1806,52
917,1807,252.82
917,1808,17.04
917,1809,45
918,1810,59.92
918,1811,14.76
919,1812,426.1
920,1813,30.6
921,1814,733.09
922,1815,29.76
923,1816,74.32
923,1817,20.37
924,1818,89.28
925,1819,131.27
925,1820,19.04
925,1821,159.46
926,1822,9.94
927,1823,372.75
927,1824,101.3
928,1825,182
929,1826,53.75
929,1827,59
930,1828,3711
930,1829,250
931,1830,86.6
932,1831,130.4
932,1832,53.1
933,1833,36
934,1834,227.2
935,1835,648.3
935,1836,3.34
935,1837,61.48
935,1838,74.65
936,1839,95.52
937,1840,128
938,1841,38
939,1842,141.4
940,1843,1347.3
940,1844,82.75
941,1845,163.25
942,1846,28.8
943,1847,1054.57
944,1848,214.12
944,1849,76
944,1850,12.12
945,1851,42
946,1852,59.99
947,1853,30
948,1854,242.75
949,1855,0
949,1856,153.92
950,1857,388.29
950,1858,66.88
950,1859,25
950,1860,48.98
950,1861,23.18
950,1862,129.9
951,1863,420.02
951,1864,111.8
951,1865,379.4
952,1866,180.91
952,1867,43
952,1868,27
952,1869,385.8
953,1870,793.82
953,1871,93.5
954,1872,133.8
955,1873,34
956,1874,83.58
956,1875,46.5
957,1876,90.85
958,1877,177.75
958,1878,158
959,1879,75
959,1880,352.25
959,1881,14
960,1882,55
960,1883,165
961,1884,48
962,1885,110
962,1886,55
962,1887,55
963,1888,565.5
963,1889,120
964,1890,171.43
964,1891,48.04
964,1892,39.25
965,1893,18.99
965,1894,53
966,1895,129.98
967,1896,1151.38
967,1897,71
967,1898,46.17
968,1899,28.36
968,1900,90
969,1901,250.18
970,1902,103.81
970,1903,27.63
970,1904,62
971,1905,153.58
971,1906,93.81
972,1907,95.46
972,1908,29.38
972,1909,212.55
972,1910,62
973,1911,131.13
973,1912,154.83
974,1913,71
975,1914,209.56
975,1915,69
976,1916,232
976,1917,52
976,1918,29.99
977,1919,185
977,1920,40
978,1921,41.67
979,1922,56.78
980,1923,379.8
980,1924,69.96
980,1925,95
980,1926,8.99
981,1927,613.64
981,1928,70
982,1929,15
983,1930,58.75
984,1931,218
985,1932,0
986,1933,317.2
986,1934,68.5
987,1935,96.08
987,1936,90.85
988,1937,158.85
988,1938,156
989,1939,109.34
989,1940,95
990,1941,87.6
990,1942,120
991,1943,89.69
991,1944,64
992,1945,10
992,1946,60.4
993,1947,50
993,1948,49
994,1949,864.41
994,1950,26.94
994,1951,90.85
995,1952,283.67
995,1953,97.92
995,1954,120.08
996,1955,106.2
997,1956,51.9
997,1957,64
998,1958,141
999,1959,139
1000,1960,2030.86
1001,1961,68.59
1002,1962,721.1
1002,1963,97
1002,1964,1143.34
1003,1965,775.22
1003,1966,80
1004,1967,79.9
1004,1968,45
1004,1969,26.4
1005,1970,81.97
1006,1971,23.54
1007,1972,82.9
1008,1973,22.46
1009,1974,111.55
1010,1975,57.18
1011,1976,42.25
1012,1977,40
1013,1978,203.31
1013,1979,42
1014,1980,46.75
1015,1981,239.6
1016,1982,89
1016,1983,64
1016,1984,263.55
1016,1985,20
1017,1986,109.74
1017,1987,18.83
1018,1988,128.57
1019,1989,280.5
1020,1990,1.6
1021,1991,115.8
1021,1992,14
1022,1993,70.9
1022,1994,89.25
1022,1995,156.48
1023,1996,25
1024,1997,79.97
1024,1998,63
1025,1999,10.56
1026,2000,274.3
1026,2001,8.94
1026,2002,94.9
1027,2003,92.7
1027,2004,35
1028,2005,17.45
1029,2006,365.07
1030,2007,141.75
1030,2008,99
1031,2009,225.23
1031,2010,50
1031,2011,84
1032,2012,329.38
1032,2013,50
1033,2014,151.31
1034,2015,155.8
1034,2016,68
1035,2017,34.98
1035,2018,35
1035,2019,72
1035,2020,10.36
1036,2021,322.09
1036,2022,55.15
1037,2023,70
1037,2024,30
1038,2025,155.94
1038,2026,12
1039,2027,70.8
1039,2028,19.86
1039,2029,11.63
1040,2030,561
1041,2031,30.15
1042,2032,121.04
1042,2033,55
1043,2034,127.95
1043,2035,52
1043,2036,26
1043,2037,52
1044,2038,85.95
1045,2039,39.16
1045,2040,65.53
1046,2041,59
1047,2042,244.26
1048,2043,67.3
1049,2044,83.7
1050,2045,258
1050,2046,32.37
1051,2047,102.45
1052,2048,64.74
1052,2049,17.52
1053,2050,121.8
1054,2051,9.12
1054,2052,10.9
1055,2053,213.85
1055,2054,67.75
1056,2055,170.4
1057,2056,53.99
1057,2057,48.6
1057,2058,54
1058,2059,85.81
1059,2060,300
1060,2061,101.25
1061,2062,43.2
1061,2063,22.56
1061,2064,5.23
1062,2065,444
1062,2066,39.17
1062,2067,320
1062,2068,17
1062,2069,89
1062,2070,270
1063,2071,28.55
1063,2072,17
1064,2073,54.24
1065,2074,252.35
1065,2075,53
1066,2076,63.75
1067,2077,164.5
1067,2078,87.87
1068,2079,36
1068,2080,9.54
1069,2081,31.25
1070,2082,186.7
1070,2083,12.92
1070,2084,68
1071,2085,120
1071,2086,46
1071,2087,90
1072,2088,143.1
1072,2089,72
1073,2090,90.8
1073,2091,52
1074,2092,20
1075,2093,310
1075,2094,35
1076,2095,27.34
1076,2096,60
1076,2097,144.75
1076,2098,59.55
1077,2099,28
1078,2100,81
1079,2101,50.97
1080,2102,414.46
1080,2103,139
1081,2104,92.25
1081,2105,25
1081,2106,50
1082,2107,156
1083,2108,179.95
1083,2109,114.82
1084,2110,97.25
1084,2111,26
1084,2112,13
1085,2113,165.91
1085,2114,55
1085,2115,91.5
1086,2116,62.8
1086,2117,80.4
1086,2118,58
1087,2119,14.66
1087,2120,27.24
1088,2121,137.6
1088,2122,140
1089,2123,25.81
1089,2124,276.2
1090,2125,1388.89
1090,2126,154.11
1091,2127,72.66
1091,2128,53.9
1092,2129,41.4
1093,2130,76.7
1093,2131,64
1094,2132,10
1094,2133,38.5
1094,2134,106.7
1094,2135,62.2
1095,2136,101
1095,2137,59
1095,2138,146
1096,2139,42.47
1096,2140,0
1097,2141,258
1097,2142,20.2
1097,2143,58
1097,2144,372.5
1098,2145,102.1
1098,2146,19.7
1098,2147,98.1
1099,2148,66.15
1099,2149,82.04
1099,2150,19.18
1100,2151,259.18
1100,2152,98
1101,2153,80.8
1101,2154,79.08
1102,2155,60.29
1103,2156,79.08
1103,2157,80.8
1104,2158,211.05
1105,2159,107.83
1105,2160,72
1106,2161,1062.35
1107,2162,60
1108,2163,673
1109,2164,32.39
1110,2165,164.3
1111,2166,1098.49
1112,2167,150.73
1113,2168,72.52
1114,2169,37.85
1115,2170,160
1115,2171,65
1115,2172,172
1116,2173,74.85
1117,2174,543.81
1117,2175,128.22
1117,2176,133.9
1118,2177,167.1
1118,2178,75
1119,2179,84
1119,2180,25
1119,2181,6.87
1120,2182,77.3
1121,2183,24.84
1121,2184,52.29
1121,2185,11.57
1122,2186,435
1122,2187,39.2
1123,2188,160.25
1124,2189,166.22
1124,2190,80.5
1125,2191,60.25
1125,2192,35
1125,2193,65
1126,2194,20.2
1127,2195,122.25
1127,2196,125
1128,2197,36
1128,2198,46.83
1129,2199,400
1130,2200,77.98
1130,2201,66
1130,2202,18.4
1130,2203,37
1131,2204,120.6
1132,2205,149.96
1133,2206,94.1
1133,2207,45.8
1134,2208,62
1135,2209,265.51
1136,2210,117.98
1136,2211,66
1137,2212,126.2
1137,2213,76.9
1138,2214,396
1139,2215,187.07
1140,2216,71.5
1140,2217,56
1141,2218,53.58
1142,2219,36
1143,2220,104.46
1143,2221,37.8
1144,2222,117.76
1145,2223,80.5
1146,2224,20.5
1146,2225,50
1146,2226,65
1146,2227,2.5
1147,2228,90.62
1147,2229,16.5
1148,2230,35.5
1148,2231,44
1148,2232,49
1148,2233,35.96
1149,2234,984.11
1150,2235,31
1150,2236,26.76
1151,2237,39.82
1151,2238,180
1152,2239,43.3
1152,2240,27
1152,2241,40
1153,2242,412.86
1154,2243,187
1154,2244,85
1154,2245,49
1155,2246,70.8
1156,2247,70.8
1156,2248,213.2
1157,2249,131.94
1157,2250,75.5
1157,2251,136.4
1158,2252,282.18
1158,2253,66
1159,2254,27.16
1160,2255,165.54
1160,2256,59.5
1160,2257,59.29
1161,2258,50
1162,2259,565.21
1162,2260,110
1163,2261,80.02
1164,2262,66.42
1164,2263,210.5
1165,2264,1192.42
1166,2265,294.23
1167,2266,35.01
1168,2267,29.05
1168,2268,134.48
1168,2269,93.5
1169,2270,614.16
1169,2271,204.53
1169,2272,28.85
1170,2273,66
1170,2274,21
1170,2275,26
1171,2276,51.5
1172,2277,15
1172,2278,37
1173,2279,152
1174,2280,93.19
1174,2281,16.4
1174,2282,6.66
1175,2283,46.02
1175,2284,82.91
1175,2285,67.2
1176,2286,45
1177,2287,65
1177,2288,86
1177,2289,32
1177,2290,118
1178,2291,21.55
1179,2292,48.52
1179,2293,61.43
1179,2294,92
1179,2295,14.49
1180,2296,13.8
1181,2297,404.04
1182,2298,679.3
1183,2299,70.3
1183,2300,37
1184,2301,262.5
1184,2302,226
1185,2303,68
1185,2304,31.5
1186,2305,86
1186,2306,55.65
1186,2307,92.77
1187,2308,640.16
1187,2309,53
1188,2310,34.98
1189,2311,375.17
1189,2312,69.57
1189,2313,24.35
1190,2314,305
1190,2315,59
1191,2316,43.23
1192,2317,128.99
1192,2318,82
1193,2319,23
1194,2320,68.41
1195,2321,85.5
1195,2322,85.5
1196,2323,1219.35
1197,2324,252.81
1197,2325,39.55
1198,2326,85.5
1198,2327,85.5
1199,2328,412.2
1199,2329,65
1200,2330,173.3
1200,2331,37.5
1200,2332,18.95
1201,2333,362.5
1201,2334,135
1202,2335,1319.7
1202,2336,55.35
1203,2337,64.2
1203,2338,49.5
1204,2339,57.99
1205,2340,36.11
1206,2341,51.95
1206,2342,60.5
1207,2343,75.4
1207,2344,45
1208,2345,472.8
1208,2346,60
1209,2347,178
1209,2348,45
1209,2349,50
1210,2350,326.28
1210,2351,80
1211,2352,376.3
1211,2353,94
1212,2354,30.3
1213,2355,30.3
1214,2356,240.16
1215,2357,146.1
1216,2358,29.95
1217,2359,17.88
1217,2360,49.5
1217,2361,9.02
1218,2362,15.25
1219,2363,255
1219,2364,6.98
1219,2365,92
1220,2366,150
1220,2367,121.2
1220,2368,99.98
1220,2369,139.56
1221,2370,24.5
1221,2371,69.57
1222,2372,255
1222,2373,62
1223,2374,25.62
1223,2375,6.25
1224,2376,95.5
1224,2377,55
1224,2378,17.02
1224,2379,156.87
1225,2380,482.95
1225,2381,81.59
1226,2382,76.94
1226,2383,32
1227,2384,106.8
1228,2385,79.66
1228,2386,165.86
1228,2387,62
1229,2388,63
1229,2389,52
1229,2390,12
1229,2391,269
1230,2392,42.5
1231,2393,76.9
1232,2394,35.61
1232,2395,195
1233,2396,48.68
1233,2397,59
1234,2398,62.95
1234,2399,29
1235,2400,39
1236,2401,286.81
1236,2402,23.76
1237,2403,153.19
1237,2404,57
1237,2405,34.75
1238,2406,23.4
1239,2407,91
1240,2408,30.25
1240,2409,10.02
1240,2410,52
1241,2411,61.25
1242,2412,74.65
1243,2413,635.8
1243,2414,95
1244,2415,85.4
1244,2416,68.4
1245,2417,193.24
1245,2418,18.5
1246,2419,251.51
1246,2420,69.95
1246,2421,143.92
1247,2422,59.59
1248,2423,52
1249,2424,54.6
1249,2425,48
1250,2426,52
1250,2427,205.95
1251,2428,782.77
1251,2429,34.05
1251,2430,33.32
1251,2431,138.01
1252,2432,70.5
1252,2433,46
1253,2434,50.52
1253,2435,69
1254,2436,60.24
1254,2437,52
1255,2438,388.86
1255,2439,64.5
1255,2440,43.25
1256,2441,342.5
1256,2442,52
1257,2443,26
1258,2444,60
1259,2445,9.5
1259,2446,46.8
1260,2447,108
1260,2448,9
1260,2449,77.64
1261,2450,38
1261,2451,320.99
1262,2452,224.88
1263,2453,66
1264,2454,68.7
1264,2455,111.25
1264,2456,80
1264,2457,36
1265,2458,695
1265,2459,29.52
1266,2460,27
1267,2461,237
1267,2462,30
1267,2463,54
1267,2464,741.21
1268,2465,344.33
1268,2466,19.65
1268,2467,75.79
1269,2468,62.75
1269,2469,24.5
1269,2470,52
1270,2471,976.6
1270,2472,225
1271,2473,41.43
1271,2474,69.5
1271,2475,600
1271,2476,9.5
1272,2477,159.88
1272,2478,118.8
1273,2479,135.29
1274,2480,83.4
1275,2481,285.77
1275,2482,95
1276,2483,28
1277,2484,262.5
1278,2485,110.11
1279,2486,56.03
1279,2487,46
1280,2488,37.1
1280,2489,94.9
1280,2490,126.2
1281,2491,285.94
1281,2492,50
1282,2493,150.5
1282,2494,91.5
1283,2495,252
1284,2496,106.8
1285,2497,185.93
1286,2498,261.3
1286,2499,66
1287,2500,334.6
1287,2501,82.9
1287,2502,68
1288,2503,52.34
1288,2504,46.32
1289,2505,49.5
1290,2506,156.5
1291,2507,171.69
1291,2508,73.86
1291,2509,73
1292,2510,13.12
1292,2511,80.5
1293,2512,37.02
1293,2513,29.95
1293,2514,26
1294,2515,57.04
1294,2516,66.3
1294,2517,89.25
1294,2518,130.05
1295,2519,59
1296,2520,88.41
1296,2521,62.18
1296,2522,20.16
1297,2523,7109.78
1297,2524,95
1298,2525,402.74
1298,2526,50.64
1298,2527,72
1298,2528,15
1299,2529,1011.05
1299,2530,110
1299,2531,193
1300,2532,189.66
1300,2533,29
1301,2534,108.62
1301,2535,70
1301,2536,48.5
1301,2537,13.72
1302,2538,77.46
1302,2539,352.98
1302,2540,95.46
1303,2541,89.4
1303,2542,13.87
1304,2543,112.5
1305,2544,88.6
1305,2545,39.74
1306,2546,278.4
1307,2547,88.73
1307,2548,29.95
1308,2549,139.5
1309,2550,114.5
1309,2551,56
1309,2552,101.38
1309,2553,53
1309,2554,157.38
1310,2555,67.58
1311,2556,198.16
1312,2557,57
1313,2558,28.15
1313,2559,31
1313,2560,39
1314,2561,691.25
1315,2562,54
1315,2563,68
1316,2564,42.25
1316,2565,62
1317,2566,105.79
1317,2567,67.75
1318,2568,19.66
1318,2569,80
1318,2570,84.89
1319,2571,353.91
1320,2572,30
1320,2573,169
1320,2574,24.4
1320,2575,243.95
1320,2576,62.25
1320,2577,186.25
1321,2578,40.42
1322,2579,867.65
1322,2580,139
1323,2581,144
1323,2582,95
1324,2583,698.35
1324,2584,74
1325,2585,108.86
1325,2586,48.6
1326,2587,333.68
1326,2588,49
1326,2589,11.5
1327,2590,61.95
1327,2591,45
1328,2592,196
1328,2593,357
1328,2594,51.4
1328,2595,42.5
1329,2596,73.33
1329,2597,6.21
1330,2598,699
1330,2599,252
1331,2600,951
1332,2601,157
1332,2602,318.03
1332,2603,46.21
1333,2604,147.9
1334,2605,68.8
1335,2606,512
1335,2607,68.28
1336,2608,153.71
1337,2609,20.25
1337,2610,3.76
1338,2611,106.85
1338,2612,75.19
1338,2613,64
1338,2614,25.75
1339,2615,207.6
1339,2616,40.1
1339,2617,119.5
1340,2618,10
1341,2619,7.52
1342,2620,119.04
1342,2621,59
1343,2622,99.44
1343,2623,35
1344,2624,68.5
1344,2625,26
1344,2626,56
1344,2627,64
1345,2628,2294.16
1345,2629,139
1346,2630,146.21
1347,2631,640.66
1348,2632,3.96
1348,2633,75
1348,2634,56.85
1348,2635,10
1348,2636,11.5
1348,2637,11.5
1348,2638,10.88
1349,2639,1201.07
1349,2640,130
1349,2641,270.96
1350,2642,1753.97
1351,2643,44.03
1352,2644,55.99
1352,2645,131.8
1353,2646,66
1353,2647,55
1353,2648,12
1354,2649,124.56
1355,2650,2373.82
1355,2651,43
1356,2652,78
1356,2653,59.4
1357,2654,2508.12
1357,2655,150
1358,2656,3449
1358,2657,345
1359,2658,214.8
1360,2659,71
1360,2660,125
1361,2661,174.81
1362,2662,125.8
1363,2663,442.44
1363,2664,85.5
1364,2665,17.52
1365,2666,41.25
1366,2667,267.42
1366,2668,1553.71
1366,2669,19.9
1366,2670,109.71
1367,2671,145
1368,2672,68.4
1368,2673,50
1368,2674,30
1369,2675,110.78
1370,2676,1228.22
1370,2677,0
1371,2678,40.38
1371,2679,103.31
1372,2680,32
1372,2681,25.49
1373,2682,35.32
1374,2683,100.2
1374,2684,95
1375,2685,613.18
1375,2686,48
1376,2687,32
1377,2688,719.03
1377,2689,459
1378,2690,171.3
1379,2691,217.68
1380,2692,148.5
1380,2693,125.5
1381,2694,59.1
1381,2695,67.1
1382,2696,103.46
1383,2697,125.5
1383,2698,239
1384,2699,2241.09
1385,2700,46.54
1386,2701,22.1
1386,2702,69
1387,2703,278.18
1387,2704,68.37
1388,2705,34.34
1388,2706,42
1389,2707,24.4
1389,2708,45
1390,2709,432.7
1391,2710,91.12
1392,2711,715.25
1393,2712,174.38
1393,2713,62
1394,2714,63
1395,2715,1651
1395,2716,10
1396,2717,118.07
1396,2718,65
1397,2719,32.71
1397,2720,90
1398,2721,423.99
1398,2722,59.5
1399,2723,168.54
1399,2724,168.66
1399,2725,177.14
1400,2726,123.28
1400,2727,115
1401,2728,732
1401,2729,64.8
1402,2730,74.94
1402,2731,439.4
1403,2732,93.72
1403,2733,420.62
1404,2734,252.6
1404,2735,251.23
1404,2736,62.5
1405,2737,326.74
1405,2738,89.78
1405,2739,64
1405,2740,49.92
1406,2741,49.92
1406,2742,480.52
1407,2743,41.8
1407,2744,60
1408,2745,122.77
1408,2746,139
1409,2747,28.5
1409,2748,68.5
1410,2749,136.38
1411,2750,166.01
1411,2751,69
1412,2752,39.86
1413,2753,0
1414,2754,89.25
1415,2755,113.43
1415,2756,37
1416,2757,950.75
1416,2758,16
1417,2759,4678.51
1417,2760,702.33
1417,2761,267.33
1418,2762,225.7
1418,2763,150.12
1419,2764,72.45
1419,2765,69
1419,2766,154
1419,2767,7
1420,2768,95.34
1420,2769,3.83
1421,2770,1217.5
1421,2771,80
1422,2772,135
1423,2773,58.5
1423,2774,71
1424,2775,281.64
1424,2776,126
1425,2777,529.13
1426,2778,48.26
1427,2779,96.7
1427,2780,164.62
1428,2781,494.15
1428,2782,23
1429,2783,323.1
1430,2784,48.64
1430,2785,56.6
1430,2786,40
1431,2787,196.4
1432,2788,2367.98
1433,2789,57.84
1434,2790,411.65
1434,2791,236
1435,2792,66.51
1436,2793,749.62
1436,2794,5.42
1437,2795,947.57
1437,2796,923.39
1438,2797,33.7
1439,2798,27.99
1440,2799,848.89
1440,2800,1022.07
1441,2801,298.46
1442,2802,70.04
1442,2803,118.78
1443,2804,15.99
1444,2805,116.74
1444,2806,21.46
1445,2807,222.59
1446,2808,1474.3
1446,2809,31.2
1446,2810,296.43
1447,2811,284.2
1448,2812,42.22
1448,2813,81
1449,2814,516.49
1450,2815,57.34
1450,2816,42.14
1451,2817,284.04
1452,2818,155.75
1452,2819,52
1453,2820,29.65
1453,2821,144.84
1454,2822,2615.92
1454,2823,56
1455,2824,171.79
1455,2825,34.56
1456,2826,15.82
1456,2827,46.16
1456,2828,64
1456,2829,54.42
1457,2830,226.75
1457,2831,42
1458,2832,256.37
1458,2833,52
1459,2834,103.5
1459,2835,40
1459,2836,263.5
1460,2837,25.2
1461,2838,223.5
1461,2839,40
1461,2840,143.5
1462,2841,90
1463,2842,141.3
1464,2843,376.8
1465,2844,984.11
1466,2845,95
1467,2846,2686.97
1468,2847,414
1468,2848,59
1468,2849,92.98
1468,2850,66
1469,2851,74
1469,2852,6.11
1470,2853,14.66
1470,2854,75
1471,2855,78.12
1471,2856,14.75
1472,2857,193.35
1472,2858,64.5
1472,2859,67.65
1473,2860,439.26
1473,2861,62.51
1473,2862,53
1474,2863,63.65
1474,2864,127.31
1474,2865,25.35
1475,2866,110.49
1476,2867,4495.41
1477,2868,440.56
1478,2869,1555.1
1478,2870,38
1478,2871,66
1479,2872,1659.1
1480,2873,78
1481,2874,495.45
1481,2875,63
1482,2876,75.6
1483,2877,206.5
1484,2878,53.75
1485,2879,48
1486,2880,49
1486,2881,185
1487,2882,58.38
1488,2883,433.32
1489,2884,50.4
1489,2885,22.5
1489,2886,23.17
1490,2887,144.7
1490,2888,69
1490,2889,199
1491,2890,65.9
1491,2891,83.88
1491,2892,8.28
1492,2893,51.68
1492,2894,151.72
1492,2895,49
1492,2896,107.23
1492,2897,520.33
1493,2898,40.7
1494,2899,0
1495,2900,116.69
1495,2901,82.9
1496,2902,181.8
1497,2903,64.61
1497,2904,59
1498,2905,6.42
1498,2906,40.44
1499,2907,829.77
1499,2908,69
1500,2909,55
1500,2910,70.65
1500,2911,75
1501,2912,458
1502,2913,10
1502,2914,24.33
1502,2915,7.79
1503,2916,107.6
1504,2917,330.72
1504,2918,139
1505,2919,193.88
1505,2920,16.2
1505,2921,54
1506,2922,80.2
1506,2923,57.5
1506,2924,90.74
1507,2925,119.19
1507,2926,18
1508,2927,69.5
1508,2928,38.25
1509,2929,336.06
1509,2930,43.5
1510,2931,695.5
1511,2932,516.41
1511,2933,35.75
1512,2934,470.11
1512,2935,60
1513,2936,68.5
1514,2937,288.63
1514,2938,85
1515,2939,123.7
1515,2940,32.5
1516,2941,126.88
1516,2942,33.05
1517,2943,269.36
1518,2944,390.4
1518,2945,214.99
1519,2946,2133.8
1519,2947,55
1520,2948,84
1521,2949,14.5
1522,2950,29.26
1523,2951,374.97
1523,2952,54
1523,2953,75
1524,2954,49.28
1524,2955,60
1524,2956,95.04
1525,2957,71
1526,2958,240.45
1526,2959,59
1526,2960,107.97
1527,2961,41
1528,2962,58.27
1528,2963,90.85
1529,2964,353.15
1529,2965,44.83
1530,2966,57.6
1531,2967,349.56
1531,2968,13.36
1532,2969,44
1532,2970,249.2
1532,2971,20
1533,2972,60
1534,2973,1879.46
1535,2974,50
1535,2975,76.9
1536,2976,35
1537,2977,294.5
1538,2978,32.4
1538,2979,79.14
1538,2980,32.65
1539,2981,580.56
1540,2982,1169.19
1541,2983,252
1542,2984,86.82
1543,2985,99.4
1543,2986,163.8
1544,2987,86
1545,2988,324.63
1545,2989,77.18
1546,2990,79.25
1546,2991,62
1547,2992,271.38
1547,2993,59.95
1548,2994,1060.8
1548,2995,58.99
1548,2996,206.5
1549,2997,57.68
1550,2998,4651.54
1551,2999,780.6
1552,3000,450.49
1552,3001,78
1553,3002,304.63
1553,3003,77.18
1554,3004,280.14
1555,3005,340.32
1555,3006,77.18
1556,3007,24
1556,3008,35.7
1557,3009,83.89
1557,3010,50.88
1557,3011,55
1558,3012,151.14
1558,3013,79.85
1559,3014,479.48
1560,3015,236
1561,3016,116
1561,3017,52.99
1562,3018,32.71
1562,3019,11
1563,3020,191.3
1563,3021,80
1564,3022,225.76
1564,3023,47.99
1564,3024,50.98
1565,3025,45.99
1566,3026,1939.26
1566,3027,92.5
1567,3028,39.86
1567,3029,47.25
1568,3030,177.34
1568,3031,84
1569,3032,463.68
1570,3033,50.8
1570,3034,48.04
1570,3035,51.16
1571,3036,154.2
1572,3037,428.5
1573,3038,59
1573,3039,35.83
1573,3040,102.96
1573,3041,132.59
1574,3042,1902.57
1574,3043,46.99
1574,3044,55
1575,3045,77.2
1575,3046,21.28
1576,3047,113.5
1577,3048,62.24
1577,3049,12.99
1577,3050,86.09
1577,3051,239.32
1578,3052,305.47
1578,3053,72
1579,3054,93.7
1579,3055,90
1579,3056,90
1580,3057,17.4
1581,3058,106.95
1582,3059,16.94
1582,3060,18.76
1582,3061,31
1582,3062,37
1583,3063,69.31
1583,3064,35
1584,3065,104.5
1584,3066,59
1585,3067,239
1585,3068,23
1586,3069,1354.25
1586,3070,251.83
1586,3071,201.83
1587,3072,212.29
1588,3073,212.95
1588,3074,153.6
1589,3075,199.68
1590,3076,562.12
1591,3077,608.42
1591,3078,66
1592,3079,327.35
1592,3080,85.9
1592,3081,68.53
1593,3082,194.75
1594,3083,706.3
1594,3084,298
1595,3085,28.89
1596,3086,87.45
1596,3087,78.25
1596,3088,338.4
1597,3089,33.5
1597,3090,45
1597,3091,36.22
1598,3092,157.5
1599,3093,1956.22
1599,3094,49.9
1600,3095,420.95
1600,3096,25.99
1600,3097,49
1601,3098,1021.99
1602,3099,385.04
1602,3100,95
1603,3101,228.5
1604,3102,203.95
1605,3103,877.32
1606,3104,97
1607,3105,77.76
1607,3106,32.73
1608,3107,111.34
1608,3108,78
1609,3109,95.8
1610,3110,67
1611,3111,72
1612,3112,160.65
1612,3113,65.5
1613,3114,37
1613,3115,35
1613,3116,72.5
1614,3117,1070.1
1614,3118,232.8
1615,3119,149
1615,3120,18.1
1615,3121,52
1615,3122,35.4
1615,3123,42
1615,3124,93.8
1616,3125,277.4
1616,3126,18.92
1617,3127,72.86
1617,3128,36.5
1618,3129,82.6
1619,3130,42.18
1619,3131,51
1619,3132,16
1620,3133,316.05
1620,3134,141.13
1621,3135,204.51
1621,3136,60.92
1622,3137,209.88
1623,3138,35.59
1623,3139,457.18
1624,3140,729.35
1625,3141,15.66
1626,3142,1538.46
1627,3143,25.16
1627,3144,141.13
1628,3145,444.58
1629,3146,126.89
1629,3147,55
1630,3148,93.94
1630,3149,57
1631,3150,153.2
1631,3151,4.12
1631,3152,65.5
1632,3153,185
1632,3154,51.5
1633,3155,145.36
1633,3156,89.5
1634,3157,294.41
1635,3158,58.26
1635,3159,51.45
1636,3160,126.9
1637,3161,21
1638,3162,196.9
1638,3163,334.8
1639,3164,146.4
1640,3165,378.91
1640,3166,28
1641,3167,73.15
1642,3168,446.89
1642,3169,77.18
1643,3170,39.88
1644,3171,105.98
1645,3172,25
1646,3173,131.5
1647,3174,52.69
1648,3175,224.44
1648,3176,50.92
1649,3177,77.7
1649,3178,51.45
1649,3179,21.95
1650,3180,187.15
1650,3181,48.75
1651,3182,1939.08
1651,3183,65.37
1652,3184,48.75
1653,3185,281.98
1653,3186,898.77
1654,3187,1252.19
1654,3188,97
1655,3189,55.89
1655,3190,66.89
1655,3191,49.68
1656,3192,104.28
1656,3193,59
1657,3194,55.44
1657,3195,72
1658,3196,58.75
1658,3197,59
1658,3198,134
1659,3199,331.53
1659,3200,74
1660,3201,68.74
1661,3202,118.89
1661,3203,56
1661,3204,8.68
1662,3205,81.72
1662,3206,44
1663,3207,11.6
1664,3208,183.9
1665,3209,503.68
1665,3210,80
1666,3211,260
1667,3212,534.76
1667,3213,59
1668,3214,119.27
1668,3215,25.19
1668,3216,50.85
1669,3217,0
1670,3218,51.45
1670,3219,45.73
1670,3220,26.06
1670,3221,49.99
1670,3222,9.78
1671,3223,361
1672,3224,600.7
1672,3225,141.13
1673,3226,131.5
1673,3227,15
1673,3228,62
1673,3229,60
1674,3230,861.63
1675,3231,2410.57
1675,3232,170
1676,3233,198.95
1676,3234,68
1677,3235,1327.55
1677,3236,400
1678,3237,268.5
1678,3238,97
1679,3239,97.5
1679,3240,6.2
1679,3241,59
1679,3242,22.25
1679,3243,30.5
1680,3244,1070.3
1680,3245,13.58
1680,3246,157.5
1681,3247,102.16
1681,3248,66
1681,3249,175.7
1681,3250,343.86
1682,3251,6500
1683,3252,102.16
1683,3253,66
1683,3254,175.7
1683,3255,343.86
1684,3256,83.9
1684,3257,25
1685,3258,33
1685,3259,115
1685,3260,58.84
1686,3261,195
1687,3262,312.5
1687,3263,45
1688,3264,169.1
1689,3265,63
1690,3266,439.27
1690,3267,63
1691,3268,290.04
1692,3269,56.02
1693,3270,183.35
1693,3271,58.5
1693,3272,42
1694,3273,79.4
1694,3274,62
1695,3275,873.78
1695,3276,54.58
1695,3277,57.33
1695,3278,53.3
1695,3279,28.05
1696,3280,44.63
1697,3281,634.14
1697,3282,63
1698,3283,28.9
1698,3284,28.9
1699,3285,202.55
1699,3286,92
1700,3287,20.5
1701,3288,486.12
1701,3289,53.51
1701,3290,84
1702,3291,321.49
1702,3292,59
1703,3293,63
1704,3294,85.73
1705,3295,88.18
1705,3296,95
1705,3297,62.35
1706,3298,3132.74
1706,3299,35
1706,3300,45
1706,3301,11
1707,3302,464
1708,3303,212.02
1708,3304,180
1709,3305,23.09
1710,3306,383.74
1710,3307,92
1711,3308,553.72
1711,3309,17.07
1711,3310,207.33
1711,3311,44.15
1711,3312,23.33
1712,3313,13.99
1713,3314,157
1713,3315,45
1714,3316,54.24
1715,3317,34.2
1715,3318,12
1716,3319,164.9
1717,3320,116.4
1718,3321,642.15
1718,3322,90.85
1719,3323,122.45
1720,3324,80.48
1721,3325,87.9
1721,3326,84
1722,3327,348.89
1722,3328,348.89
1722,3329,348.89
1722,3330,348.89
1722,3331,1209.54
1722,3332,270.61
1722,3333,127.12
1723,3334,698.5
1724,3335,56.25
1724,3336,124.5
1724,3337,27
1725,3338,59.5
1726,3339,77
1727,3340,301
1728,3341,227.93
1728,3342,67.5
1728,3343,70
1728,3344,124.5
1729,3345,115.89
1729,3346,53.21
1729,3347,72
1730,3348,35.54
1731,3349,62.1
1731,3350,18.17
1732,3351,75
1733,3352,146.36
1733,3353,62
1733,3354,6.55
1734,3355,323.7
1735,3356,59
1736,3357,80.92
1737,3358,0
1738,3359,33.74
1738,3360,82
1739,3361,54
1740,3362,79.6
1741,3363,32.34
1742,3364,542.87
1742,3365,30
1742,3366,56
1742,3367,40
1743,3368,22.7
1744,3369,63
1744,3370,54
1745,3371,56.56
1746,3372,210.95
1746,3373,156
1747,3374,379.05
1747,3375,77
1748,3376,51.47
1749,3377,71
1749,3378,85
1750,3379,169.67
1751,3380,21.5
1751,3381,70
1751,3382,27
1752,3383,4072.41
1753,3384,62
1754,3385,32.94
1755,3386,40
1756,3387,372
1756,3388,155
1757,3389,42.26
1757,3390,93.5
1757,3391,45.54
1757,3392,60.58
1758,3393,54.77
1759,3394,584.87
1759,3395,90.85
1760,3396,150.01
1760,3397,62
1761,3398,338.71
1762,3399,295
1762,3400,51
1763,3401,67.62
1763,3402,52
1764,3403,60.5
1765,3404,728.96
1765,3405,15.49
1766,3406,580.56
1767,3407,297.59
1768,3408,112.48
1768,3409,64.16
1769,3410,119.95
1769,3411,92.5
1770,3412,32.71
1770,3413,70.3
1771,3414,25.75
1772,3415,30.4
1773,3416,1920.16
1774,3417,7.5
1775,3418,660.13
1775,3419,59
1776,3420,25
1777,3421,534.93
1777,3422,110
1777,3423,24.36
1778,3424,93.16
1778,3425,72.76
1778,3426,90.85
1779,3427,410.74
1779,3428,90.85
1779,3429,96.95
1780,3430,62.9
1780,3431,36.12
1780,3432,90.85
1781,3433,323.8
1781,3434,65.5
1781,3435,246.7
1782,3436,28.36
1783,3437,37.56
1784,3438,68.85
1785,3439,1595.06
1785,3440,97
1786,3441,180
1787,3442,106.5
1787,3443,24.75
1788,3444,90
1789,3445,249
1789,3446,70
1789,3447,24.6
1789,3448,40.15
1790,3449,25.2
1790,3450,58.8
1791,3451,2560.32
1791,3452,187
1792,3453,66.05
1793,3454,188.38
1793,3455,157.84
1793,3456,59
1793,3457,270.36
1793,3458,78.21
1794,3459,51.96
1794,3460,77.9
1794,3461,69
1795,3462,31.96
1796,3463,48.65
1797,3464,563.86
1798,3465,356.7
1799,3466,50.7
1799,3467,28.05
1799,3468,21.32
1800,3469,59.7
1800,3470,52.49
1800,3471,80
1801,3472,38.46
1802,3473,128
1802,3474,39
1802,3475,98.58
1803,3476,32.75
1803,3477,63
1803,3478,11.85
1804,3479,33.28
1805,3480,127.25
1805,3481,14.7
1805,3482,57
1805,3483,20
1806,3484,40.6
1807,3485,180
1807,3486,94.99
1808,3487,177.35
1808,3488,35
1809,3489,225.75
1809,3490,225.61
1809,3491,40
1810,3492,37.98
1811,3493,409.7
1812,3494,39.03
1813,3495,67.77
1814,3496,49.95
1814,3497,40.12
1815,3498,63.57
1815,3499,46.8
1816,3500,92.78
1816,3501,90.8
1817,3502,189.33
1818,3503,66
1818,3504,12
1819,3505,410
1819,3506,59.22
1820,3507,59.22
1820,3508,410
1821,3509,156
1821,3510,40
1822,3511,260.1
1822,3512,94.9
1823,3513,86.56
1823,3514,38
1824,3515,66.8
1824,3516,48.5
1824,3517,83.09
1825,3518,290
1826,3519,116.4
1827,3520,69.26
1827,3521,65
1828,3522,493
1829,3523,427
1829,3524,55
1830,3525,187.76
1830,3526,33.24
1831,3527,80.14
1831,3528,1256.87
1832,3529,129.99
1832,3530,53
1832,3531,57.99
1832,3532,43.25
1833,3533,350.75
1834,3534,15.03
1835,3535,54.84
1836,3536,2059.13
1837,3537,89.34
1838,3538,46.15
1839,3539,80.22
1840,3540,105.84
1840,3541,140
1840,3542,69
1840,3543,90
1841,3544,89.08
1842,3545,70.5
1842,3546,71.25
1843,3547,248.15
1843,3548,57.72
1843,3549,59.95
1844,3550,68.4
1845,3551,138.15
1845,3552,121.88
1845,3553,12.54
1846,3554,154
1847,3555,97
1848,3556,388.1
1849,3557,275.9
1850,3558,79.62
1850,3559,75.7
1851,3560,56.2
1851,3561,112.85
1851,3562,84.6
1852,3563,131.8
1852,3564,32
1853,3565,93.17
1853,3566,50
1853,3567,11.54
1854,3568,71.28
1855,3569,16
1856,3570,97.03
1856,3571,47.41
1856,3572,545.31
1857,3573,708.01
1858,3574,21.44
1858,3575,64.32
1859,3576,204.5
1860,3577,116.6
1861,3578,64.32
1862,3579,129.5
1862,3580,22.8
1862,3581,88.51
1862,3582,61.68
1862,3583,45
1863,3584,64.32
1864,3585,45.62
1864,3586,61
1865,3587,98.76
1865,3588,135
1866,3589,27.94
1866,3590,26.4
1866,3591,34.5
1867,3592,1928
1867,3593,25
1867,3594,101.4
1867,3595,35
1867,3596,75
1868,3597,94.28
1868,3598,50.92
1869,3599,63.8
1870,3600,29.98
1871,3601,36.53
1871,3602,59
1872,3603,2694.05
1872,3604,97.55
1873,3605,10
1874,3606,141.56
1874,3607,100.95
1874,3608,59.5
1875,3609,33.52
1876,3610,157.49
1877,3611,146.88
1877,3612,73.52
1878,3613,72.85
1878,3614,16.23
1878,3615,50.15
1879,3616,60
1880,3617,29.5
1880,3618,41.88
1881,3619,47.7
1881,3620,110.4
1882,3621,295.63
1883,3622,139.91
1883,3623,24.5
1884,3624,50.84
1885,3625,86.38
1885,3626,24.23
1885,3627,8.97
1886,3628,26.4
1886,3629,57
1887,3630,635.7
1887,3631,945.39
1887,3632,33.6
1887,3633,231.4
1888,3634,59
1889,3635,366.7
1889,3636,68.36
1889,3637,91.8
1889,3638,9
1890,3639,70
1890,3640,168.46
1891,3641,293.5
1891,3642,125
1892,3643,59
1892,3644,59.98
1893,3645,0
1894,3646,156.08
1894,3647,58
1895,3648,24.45
1895,3649,55.7
1895,3650,240.88
1895,3651,28.72
1896,3652,755.11
1896,3653,187
1897,3654,88.93
1897,3655,23
1898,3656,0
1899,3657,70.84
1900,3658,38
1900,3659,186
1900,3660,277.02
1901,3661,105.04
1902,3662,83
1902,3663,298.93
1903,3664,114.48
1903,3665,162
1904,3666,81.6
1905,3667,217.93
1905,3668,81
1905,3669,83
1906,3670,186.66
1907,3671,29.92
1908,3672,150
1909,3673,90.61
1909,3674,58
1910,3675,204.99
1910,3676,91.93
1911,3677,25
1911,3678,72
1912,3679,39.53
1912,3680,13.92
1913,3681,65.99
1914,3682,23.1
1915,3683,15.75
1915,3684,14.85
1916,3685,162.99
1916,3686,58.8
1917,3687,41.48
1917,3688,90.88
1917,3689,55.58
1918,3690,57
1919,3691,159.24
1919,3692,70
1920,3693,143.44
1920,3694,125.7
1921,3695,209.76
1921,3696,65.62
1921,3697,111.99
1922,3698,75.84
1922,3699,45.4
1923,3700,834.43
1923,3701,72.63
1924,3702,59.1
1924,3703,24.16
1925,3704,226
1925,3705,400.1
1925,3706,60
1925,3707,44
1926,3708,47.82
1927,3709,57.98
1927,3710,77
1927,3711,179
1928,3712,89.52
1928,3713,69
1929,3714,208.7
1930,3715,225.68
1930,3716,80.75
1930,3717,35.75
1931,3718,60
1932,3719,117.98
1933,3720,9.99
1934,3721,83
1935,3722,404.82
1935,3723,55.8
1936,3724,72.13
1937,3725,80.4
1938,3726,65.93
1939,3727,2996.89
1940,3728,349.45
1940,3729,44.75
1941,3730,112.37
1941,3731,56.6
1941,3732,28.67
1941,3733,67.46
1942,3734,171.5
1942,3735,47.4
1943,3736,94.01
1943,3737,57
1944,3738,81.85
1945,3739,246.81
1945,3740,83.9
1946,3741,68.5
1946,3742,45.79
1946,3743,19.85
1946,3744,66.64
1946,3745,68.5
1946,3746,195.1
1947,3747,159.03
1947,3748,27.28
1948,3749,164.85
1948,3750,270
1949,3751,4433.42
1950,3752,217
1950,3753,49
1951,3754,60
1952,3755,163.25
1952,3756,75
1953,3757,100.59
1954,3758,32.9
1954,3759,3.25
1954,3760,12
1954,3761,30
1955,3762,499
1955,3763,141.13
1956,3764,40.61
1956,3765,38.4
1957,3766,110.81
1958,3767,442.28
1958,3768,72
1959,3769,22
1959,3770,95
1959,3771,313
1960,3772,137.6
1960,3773,62
1961,3774,25.48
1961,3775,85.75
1962,3776,62.2
1962,3777,96
1963,3778,75.32
1964,3779,58
1965,3780,58
1965,3781,0
1965,3782,107
1966,3783,29.5
1967,3784,60
1967,3785,90.52
1968,3786,80.5
1969,3787,379.23
1970,3788,125
1971,3789,86.05
1971,3790,43.31
1972,3791,246.71
1973,3792,40.61
1973,3793,38.4
1974,3794,64.98
1974,3795,63.45
1974,3796,77.35
1974,3797,9.59
1974,3798,64.28
1975,3799,55.95
1976,3800,199.1
1976,3801,132.4
1977,3802,1334.54
1978,3803,28.74
1979,3804,209.2
1979,3805,53
1980,3806,56.34
1981,3807,98.4
1981,3808,71.08
1981,3809,46.01
1982,3810,4108.11
1983,3811,135
1984,3812,329.97
1985,3813,47.76
1986,3814,92.98
1987,3815,98.6
1987,3816,28.5
1988,3817,18
1989,3818,42.5
1989,3819,57
1990,3820,53
1991,3821,114.2
1991,3822,133.8
1991,3823,80
1992,3824,36
1993,3825,114
1993,3826,12.14
1993,3827,78
1994,3828,49.5
1995,3829,507.46
1995,3830,59
1996,3831,58
1997,3832,336.26
1998,3833,20.95
1999,3834,28.62
1999,3835,71.55
2000,3836,68.57
2000,3837,45.2
2000,3838,7.58
2001,3839,116.3
2002,3840,634.82
2002,3841,192.52
2003,3842,70.84
2004,3843,74.15
2005,3844,93.75
2006,3845,303.7
2006,3846,42
2007,3847,81.96
2007,3848,7.58
2007,3849,79.5
2008,3850,354.35
2008,3851,69.25
2008,3852,13
2009,3853,357.25
2009,3854,99
2010,3855,55.5
2011,3856,54
2011,3857,40
2011,3858,86.1
2012,3859,362.7
2012,3860,225
2013,3861,107.6
2014,3862,40.08
2015,3863,337.68
2015,3864,89.25
2016,3865,50.4
2016,3866,10
2017,3867,75.15
2017,3868,73
2017,3869,45
2018,3870,59.74
2019,3871,26.21
2019,3872,10.1
2020,3873,85
2021,3874,16.9
2021,3875,13.41
2022,3876,363.13
2022,3877,47.4
2023,3878,244.71
2023,3879,62.95
2024,3880,251.3
2024,3881,85
2025,3882,115.8
2026,3883,30
2027,3884,42.71
2028,3885,68.46
2029,3886,357.3
2030,3887,42.75
2030,3888,98.25
2031,3889,103.4
2032,3890,2352.85
2033,3891,188.55
2034,3892,73.3
2035,3893,58.75
2035,3894,92.1
2035,3895,15.45
2036,3896,215.89
2036,3897,60.5
2036,3898,35
2036,3899,63
2036,3900,36
2037,3901,240.55
2038,3902,30.16
2039,3903,90.85
2040,3904,104.15
2041,3905,79.52
2042,3906,145.64
2043,3907,51
2044,3908,15.93
2045,3909,96.36
2046,3910,75
2047,3911,186.4
2048,3912,38.39
2048,3913,49
2049,3914,611
2049,3915,59
2050,3916,106.85
2050,3917,159.2
2050,3918,59
2050,3919,21
2051,3920,278.6
2051,3921,16
2052,3922,28
2053,3923,699
2053,3924,252
2054,3925,76.9
2054,3926,31
2054,3927,32.81
2055,3928,689.06
2055,3929,390
2055,3930,52
2056,3931,140.4
2057,3932,25.97
2057,3933,308.75
2057,3934,28
2057,3935,71.5
2058,3936,43.47
2059,3937,101.36
2059,3938,71.5
2060,3939,58
2060,3940,26
2060,3941,19.5
2061,3942,101.51
2062,3943,84.12
2062,3944,202.76
2062,3945,94.9
2063,3946,2741.09
2064,3947,181
2064,3948,69.5
2064,3949,65.8
2065,3950,32.39
2065,3951,125.1
2065,3952,125.1
2066,3953,80
2067,3954,168.98
2067,3955,45.42
2068,3956,78.98
2068,3957,87
2068,3958,42.44
2068,3959,38.6
2069,3960,43
2070,3961,63.22
2070,3962,42
2071,3963,155.75
2071,3964,24.75
2072,3965,153.88
2072,3966,24.35
2073,3967,48
2073,3968,30.25
2074,3969,71.62
2074,3970,88
2075,3971,40
2075,3972,90
2075,3973,34.62
2076,3974,52
2076,3975,155.58
2076,3976,9.15
2077,3977,40
2078,3978,60.68
2078,3979,77.18
2079,3980,57.88
2080,3981,63.1
2080,3982,28
2081,3983,34.5
2081,3984,28
2082,3985,260
2083,3986,96.97
2083,3987,94.9
2083,3988,109.78
2084,3989,720.1
2084,3990,258.12
2084,3991,69.5
2085,3992,163.55
2085,3993,59
2086,3994,270.99
2087,3995,54.25
2087,3996,77
2088,3997,56.2
2088,3998,142.19
2089,3999,57.24
2089,4000,94.9
2090,4001,43
2091,4002,233
2092,4003,60
2092,4004,51
2092,4005,129.67
2092,4006,26
2093,4007,59.15
2094,4008,39
2094,4009,113
2095,4010,68.3
2095,4011,46.92
2095,4012,55
2096,4013,195.36
2096,4014,90.85
2096,4015,42
2097,4016,165.8
2098,4017,49.45
2098,4018,79.5
2099,4019,70.95
2100,4020,55.5
2100,4021,73
2101,4022,16
2101,4023,60.02
2102,4024,147.65
2102,4025,45
2103,4026,463.09
2103,4027,90
2104,4028,57
2104,4029,30.61
2104,4030,39
2105,4031,49.65
2106,4032,122.13
2106,4033,469.14
2106,4034,79
2106,4035,12.05
2107,4036,118.28
2108,4037,54
2109,4038,659.19
2109,4039,110
2110,4040,34.5
2110,4041,69.9
2111,4042,38
2112,4043,123.66
2112,4044,94.9
2112,4045,25.75
2113,4046,89.5
2113,4047,133.89
2114,4048,990.38
2115,4049,127.09
2116,4050,36
2117,4051,329.35
2117,4052,1059.35
2118,4053,91.8
2118,4054,50.95
2118,4055,218.7
2119,4056,39.7
2119,4057,94.9
2120,4058,19.1
2121,4059,380.6
2122,4060,109.7
2122,4061,29.16
2122,4062,75
2123,4063,211.07
2123,4064,59
2124,4065,143.3
2124,4066,8.66
2125,4067,37.27
2126,4068,190.6
2127,4069,56.9
2128,4070,168.23
2129,4071,71.96
2130,4072,80.78
2130,4073,69
2131,4074,239.4
2132,4075,28
2133,4076,168.5
2133,4077,97
2134,4078,190.28
2134,4079,49
2134,4080,19.4
2135,4081,29.6
2135,4082,62.25
2135,4083,103.3
2136,4084,148.18
2137,4085,38
2138,4086,170
2139,4087,37.82
2139,4088,56
2140,4089,50.26
2140,4090,54
2140,4091,29.42
2141,4092,37.7
2142,4093,160
2142,4094,35
2142,4095,75
2143,4096,169.98
2143,4097,20.04
2144,4098,169.98
2145,4099,98.4
2146,4100,422.3
2147,4101,50.59
2147,4102,455
2147,4103,143.36
2147,4104,288.21
2147,4105,350
2147,4106,32.5
2148,4107,105.22
2148,4108,89
2149,4109,236.08
2149,4110,74.6
2150,4111,795.82
2150,4112,131.98
2151,4113,484.92
2152,4114,184.3
2152,4115,29.84
2152,4116,9.66
2153,4117,98.86
2154,4118,74.8
2154,4119,8.6
2155,4120,148.33
2156,4121,207.95
2157,4122,32.23
2158,4123,107.3
2159,4124,39.69
2159,4125,31.79
2160,4126,100
2160,4127,75
2161,4128,35.3
2162,4129,2318.77
2162,4130,94.35
2162,4131,24.6
2163,4132,43
2164,4133,28.44
2164,4134,77.16
2164,4135,159.18
2165,4136,1634.89
2166,4137,108.16
2166,4138,87.5
2167,4139,660.22
2167,4140,55
2168,4141,98.9
2168,4142,62.1
2169,4143,52.99
2170,4144,50.06
2170,4145,70.36
2170,4146,53
2171,4147,72.9
2172,4148,5.5
2172,4149,51
2172,4150,37.5
2172,4151,75
2173,4152,45
2173,4153,26.58
2174,4154,413.86
2175,4155,83.38
2176,4156,681.67
2176,4157,15.96
2176,4158,212.5
2177,4159,272.94
2178,4160,383.1
2179,4161,65
2180,4162,105
2181,4163,117
2182,4164,72
2183,4165,28.5
2184,4166,27.41
2185,4167,30.8
2186,4168,52.8
2186,4169,90.8
2187,4170,258.44
2187,4171,87.65
2187,4172,35
2187,4173,50
2187,4174,31.25
2187,4175,32.98
2188,4176,26.77
2188,4177,47.99
2188,4178,42.18
2189,4179,837.36
2190,4180,75
2191,4181,68.48
2191,4182,23.3
2192,4183,53.95
2192,4184,22.5
2193,4185,147
2194,4186,23.3
2194,4187,68.48
2195,4188,149.34
2195,4189,70
2196,4190,37
2197,4191,54.59
2197,4192,10
2198,4193,42.2
2198,4194,17.18
2199,4195,371.1
2199,4196,55
2199,4197,6.58
2199,4198,14.5
2200,4199,51.5
2201,4200,807
2202,4201,1770.4
2202,4202,68
2203,4203,86.82
2204,4204,25
2205,4205,156
2205,4206,26.84
2205,4207,26.84
2206,4208,52.06
2206,4209,77
2207,4210,64.75
2207,4211,63.5
2208,4212,71.7
2208,4213,58.72
2209,4214,0
2210,4215,65
2210,4216,765
2211,4217,31.22
2211,4218,43.4
2211,4219,85
2211,4220,32.13
2212,4221,110.82
2213,4222,323.26
2213,4223,32
2213,4224,85
2214,4225,137
2215,4226,49
2215,4227,202.68
2215,4228,48.7
2216,4229,5305.82
2217,4230,446.21
2217,4231,70.3
2218,4232,62.2
2219,4233,457.7
2219,4234,62
2220,4235,53.03
2221,4236,294.36
2221,4237,99
2221,4238,52
2221,4239,61
2222,4240,140.76
2223,4241,10
2223,4242,300
2223,4243,40
2223,4244,95
2224,4245,283.31
2224,4246,25.87
2225,4247,40.65
2225,4248,56.25
2226,4249,270.93
2227,4250,50.25
2227,4251,14.52
2228,4252,124.22
2228,4253,56.25
2228,4254,26.98
2228,4255,5
2229,4256,7.84
2229,4257,95
2230,4258,13.27
2230,4259,38.5
2231,4260,98.7
2232,4261,26.65
2232,4262,5305.82
2233,4263,276.45
2234,4264,58.95
2234,4265,76.9
2234,4266,25.14
2235,4267,135.19
2236,4268,191.5
2236,4269,12
2236,4270,18
2237,4271,66.5
2237,4272,5.13
2238,4273,858.85
2238,4274,196.99
2239,4275,154.42
2240,4276,43.95
2240,4277,90
2241,4278,248.2
2241,4279,66
2241,4280,85.79
2242,4281,30
2243,4282,211.03
2243,4283,55
2244,4284,32.7
2244,4285,44.4
2244,4286,86.35
2245,4287,135.46
2246,4288,66
2247,4289,117.61
2247,4290,47.4
2248,4291,35
2248,4292,35
2249,4293,181.87
2249,4294,82
2250,4295,680.9
2250,4296,52
2251,4297,123.38
2252,4298,315.9
2252,4299,95
2253,4300,501.6
2253,4301,455.8
2253,4302,114.9
2254,4303,21.83
2255,4304,58.41
2255,4305,48.75
2256,4306,100.68
2257,4307,59.2
2258,4308,131.45
2259,4309,23.81
2260,4310,381.03
2260,4311,26.75
2261,4312,172.4
2261,4313,77
2261,4314,17.4
2262,4315,165
2262,4316,9.89
2263,4317,120
2263,4318,115
2264,4319,55.48
2265,4320,68
2266,4321,338
2266,4322,68.5
2266,4323,46.5
2267,4324,450.28
2268,4325,216.3
2268,4326,52
2268,4327,52
2269,4328,57.72
2269,4329,86
2270,4330,35
2271,4331,54.1
2271,4332,42
2272,4333,578.45
2273,4334,144.8
2273,4335,75
2274,4336,97.1
2274,4337,58
2274,4338,20
2275,4339,1702.06
2275,4340,39.95
2276,4341,692
2276,4342,46
2276,4343,22.85
2276,4344,20
2277,4345,52
2277,4346,10
2278,4347,57.5
2279,4348,98
2279,4349,16.73
2280,4350,52.1
2281,4351,156.32
2281,4352,65
2281,4353,212.7
2282,4354,47.01
2282,4355,67.87
2282,4356,27.62
2283,4357,51.2
2283,4358,85
2283,4359,56
2283,4360,68.7
2284,4361,47.01
2285,4362,385.7
2285,4363,134.6
2285,4364,64
2285,4365,25
2286,4366,53.02
2287,4367,15.82
2288,4368,68.99
2289,4369,45.48
2289,4370,70.2
2289,4371,67.5
2290,4372,51.25
2291,4373,17.97
2291,4374,67.87
2292,4375,590.51
2292,4376,297.18
2293,4377,120.8
2293,4378,162
2294,4379,44.98
2294,4380,90.48
2295,4381,1138.15
2295,4382,172
2296,4383,118.4
2297,4384,90.48
2297,4385,44.98
2298,4386,33.7
2298,4387,55
2299,4388,23
2300,4389,53.75
2301,4390,153.99
2302,4391,237.72
2302,4392,62.5
2302,4393,215.27
2303,4394,1222.25
2303,4395,201.5
2303,4396,86.25
2303,4397,34
2304,4398,578.52
2304,4399,14.6
2304,4400,60
2305,4401,61.8
2305,4402,58
2305,4403,14.62
2306,4404,43.98
2307,4405,630.76
2307,4406,109.78
2307,4407,24.56
2308,4408,76
2309,4409,1953.46
2309,4410,52
2310,4411,60.42
2310,4412,54
2311,4413,636.54
2312,4414,83.2
2313,4415,48.3
2313,4416,92.25
2314,4417,50
2315,4418,174.88
2315,4419,50
2316,4420,45
2316,4421,29.04
2317,4422,116.5
2317,4423,125
2318,4424,134.48
2319,4425,53.1
2320,4426,163.7
2321,4427,97
2321,4428,114
2322,4429,63.92
2322,4430,52.95
2323,4431,59
2324,4432,210.3
2324,4433,229.18
2325,4434,456
2325,4435,28
2326,4436,95.71
2326,4437,28.5
2326,4438,17.8
2327,4439,35
2327,4440,302.95
2328,4441,240.68
2328,4442,248.53
2328,4443,90.85
2329,4444,42.6
2330,4445,102.11
2330,4446,58
2331,4447,54.61
2331,4448,8.44
2332,4449,98.34
2333,4450,385.7
2334,4451,42.95
2335,4452,97
2336,4453,73.86
2336,4454,63
2336,4455,12.9
2337,4456,647.36
2337,4457,35.9
2337,4458,12.3
2338,4459,185.83
2338,4460,86
2339,4461,41
2339,4462,65.5
2339,4463,80
2339,4464,6.8
2339,4465,23
2340,4466,628.46
2340,4467,58.5
2341,4468,22.35
2341,4469,9.8
2341,4470,80.26
2342,4471,46.4
2342,4472,89.76
2343,4473,11.13
2343,4474,66.62
2344,4475,868
2345,4476,693.83
2345,4477,62.5
2346,4478,139.14
2346,4479,90.85
2347,4480,34.35
2348,4481,171.45
2349,4482,250.36
2349,4483,58
2350,4484,190.4
2351,4485,38
2351,4486,161
2352,4487,98.88
2353,4488,256.79
2353,4489,63
2354,4490,240
2355,4491,222.98
2355,4492,30
2356,4493,883.44
2356,4494,15.9
2356,4495,50.51
2356,4496,90.85
2357,4497,651.79
2358,4498,122.25
2358,4499,13
2359,4500,62.2
2360,4501,364.2
2361,4502,55
2361,4503,143.93
2362,4504,16.2
2363,4505,66.05
2363,4506,71.85
2364,4507,227.25
2364,4508,18.57
2365,4509,385.54
2365,4510,263.65
2366,4511,54.99
2366,4512,16.9
2366,4513,22.5
2367,4514,106.18
2368,4515,50.77
2369,4516,43.45
2370,4517,48.53
2370,4518,75
2371,4519,31.24
2371,4520,55
2372,4521,123.93
2372,4522,48
2373,4523,302.89
2373,4524,59.5
2374,4525,85
2374,4526,21.48
2375,4527,50.8
2375,4528,78.38
2375,4529,59.15
2376,4530,21.73
2377,4531,119.75
2377,4532,20
2378,4533,50.4
2379,4534,83.5
2379,4535,56
2380,4536,257.25
2381,4537,1076.97
2381,4538,140
2381,4539,97.19
2382,4540,513.64
2382,4541,39.72
2382,4542,32
2382,4543,49.5
2383,4544,51.99
2384,4545,283.21
2384,4546,90
2385,4547,60.02
2386,4548,33.8
2386,4549,77
2387,4550,141.5
2388,4551,50.5
2388,4552,107
2389,4553,51.9
2389,4554,84.9
2390,4555,1238.76
2390,4556,139
2390,4557,138.9
2391,4558,80
2392,4559,67.97
2393,4560,143.19
2394,4561,94.5
2394,4562,90.37
2395,4563,130
2395,4564,12
2396,4565,147
2396,4566,52
2397,4567,290.71
2398,4568,125.86
2399,4569,79.9
2399,4570,21.7
2399,4571,8.1
2400,4572,444.85
2400,4573,98.92
2400,4574,42
2400,4575,30
2401,4576,8.5
2401,4577,101.2
2402,4578,231.75
2402,4579,365.17
2403,4580,38.94
2403,4581,80
2403,4582,119
2404,4583,3787.53
2405,4584,19.86
2406,4585,483.77
2406,4586,107.2
2406,4587,64.16
2407,4588,58.56
2408,4589,208.76
2409,4590,100.38
2409,4591,65
2410,4592,32.44
2410,4593,55
2410,4594,22
2411,4595,72
2412,4596,350.48
2412,4597,90
2413,4598,71.98
2414,4599,341.25
2415,4600,1058.81
2415,4601,89.25
2416,4602,183.27
2416,4603,44
2417,4604,39.75
2417,4605,39.75
2418,4606,34.5
2418,4607,89.1
2419,4608,39.75
2419,4609,39.75
2420,4610,22.38
2421,4611,106.51
2422,4612,86
2422,4613,80
2423,4614,111
2423,4615,63
2423,4616,35.6
2423,4617,19
2424,4618,194.94
2424,4619,148.55
2425,4620,3362.04
2425,4621,50
2426,4622,35.13
2426,4623,95.68
2426,4624,400
2427,4625,35.99
2427,4626,68.5
2427,4627,15
2428,4628,52
2429,4629,28.03
2430,4630,273.81
2430,4631,90.85
2431,4632,36.65
2432,4633,64
2432,4634,42
2433,4635,121.98
2433,4636,62.92
2433,4637,38
2434,4638,295.32
2434,4639,150.3
2435,4640,70
2436,4641,118.05
2436,4642,35
2436,4643,61
2437,4644,42.7
2438,4645,534.15
2438,4646,23.8
2439,4647,29.55
2440,4648,75.6
2440,4649,110.51
2440,4650,22.5
2441,4651,893.8
2441,4652,66
2441,4653,9
2442,4654,641.3
2442,4655,108.2
2443,4656,556.05
2443,4657,8.64
2443,4658,119
2443,4659,28.72
2444,4660,322
2445,4661,1583.73
2445,4662,20.02
2446,4663,60.14
2446,4664,35
2447,4665,134.6
2447,4666,60
2447,4667,71
2448,4668,122.38
2448,4669,60
2448,4670,44
2449,4671,262.53
2449,4672,137.62
2449,4673,64
2449,4674,39.5
2450,4675,52.5
2450,4676,40
2451,4677,545.71
2452,4678,346.9
2452,4679,46.8
2453,4680,33.26
2454,4681,201.26
2455,4682,18.63
2455,4683,18.63
2455,4684,45.9
2456,4685,36
2457,4686,100.95
2457,4687,70
2458,4688,426.62
2459,4689,667.59
2459,4690,49
2460,4691,65.1
2461,4692,45.25
2462,4693,82.64
2463,4694,461.2
2463,4695,47.12
2463,4696,9.06
2464,4697,676
2464,4698,313
2465,4699,85
2465,4700,106.5
2466,4701,1997.36
2467,4702,71
2467,4703,110
2467,4704,85
2468,4705,335.94
2468,4706,85.5
2469,4707,319.3
2469,4708,445.8
2470,4709,39.5
2471,4710,39.5
2472,4711,299.9
2472,4712,123.5
2472,4713,150
2472,4714,153.92
2473,4715,80
2473,4716,95
